{"cameraMode":{"drawMode":0,"name":"Shaded","section":"Shading Mode"},"sceneLighting":true,"audioPlay":false,"sceneViewState":{"showFog":true,"showMaterialUpdate":false,"showSkybox":true,"showFlares":true,"showImageEffects":true,"showParticleSystems":true},"in2DMode":false,"pivot":{"x":-9.11044692993164,"y":0.6277675628662109,"z":4.397365570068359},"rotation":{"x":-0.16421476006507874,"y":0.821559727191925,"z":-0.2927527129650116,"w":-0.4608408808708191},"size":19.916833877563478,"orthographic":false}